id|name|email
1|Alice|alice@email.com
2|Bob|bob@email.com
3|Charlie|charlie@email.com
4|David|david@email.com
5|Emma|emma@email.com
6|Frank|frank@email.com
7|Grace|grace@email.co
8|Henry|henry@email.com
9|Ivy|ivy@email.com
10|Jack|jack@email.com
11|Kevin|kevin@email.com
12|Laura|laura@email.com
13|Michael|michael@email.com
14|Sarah|sarah@email.com
15|David|david@email.com
16|Emily|emily@email.com
17|James|james@email.com
18|Anna|anna@email.com
19|Robert|robert@email.com
20|Sophia|sophia@email.com
21|Haeram|haeram@gmail.com
